Genes,Annotations,Depth,Level,Score
E2348C_RS00085,GO:0006807,2,2,0.438756488
E2348C_RS00085,GO:0006810,3,3,0.350385182
E2348C_RS00085,GO:0044237,2,2,0.496680466
E2348C_RS00085,GO:0044238,2,2,0.4887407139999999
E2348C_RS00085,GO:0051234,2,2,0.362130078
E2348C_RS00085,GO:0071704,2,2,0.6045893139999999
E2348C_RS00090,GO:0006807,2,2,0.434597574
E2348C_RS00090,GO:0044237,2,2,0.4977384139999999
E2348C_RS00090,GO:0044238,2,2,0.4914205479999999
E2348C_RS00090,GO:0071704,2,2,0.61421248
E2348C_RS00100,GO:0006807,2,2,0.439210962
E2348C_RS00100,GO:0044237,2,2,0.4970905959999999
E2348C_RS00100,GO:0044238,2,2,0.491782592
E2348C_RS00100,GO:0071704,2,2,0.605614514
E2348C_RS00345,GO:0005975,3,3,0.382163536
E2348C_RS00345,GO:0006807,2,2,0.439188766
E2348C_RS00345,GO:0044237,2,2,0.4969587639999999
E2348C_RS00345,GO:0044238,2,2,0.4916993759999999
E2348C_RS00345,GO:0071704,2,2,0.6047614560000001
E2348C_RS01420,GO:0006807,2,2,0.4461679099999999
E2348C_RS01420,GO:0044237,2,2,0.4961562479999999
E2348C_RS01420,GO:0044238,2,2,0.4921314879999999
E2348C_RS01420,GO:0071704,2,2,0.595507578
E2348C_RS01525,GO:0006807,2,2,0.438173966
E2348C_RS01525,GO:0044237,2,2,0.4965777239999999
E2348C_RS01525,GO:0044238,2,2,0.490252502
E2348C_RS01525,GO:0071704,2,2,0.607488622
E2348C_RS01825,GO:0006807,2,2,0.4373316639999999
E2348C_RS01825,GO:0044237,2,2,0.496149284
E2348C_RS01825,GO:0044238,2,2,0.488422558
E2348C_RS01825,GO:0071704,2,2,0.6052807560000001
E2348C_RS01935,GO:0006807,2,2,0.4426764099999999
E2348C_RS01935,GO:0006810,3,3,0.4106433819999999
E2348C_RS01935,GO:0044237,2,2,0.49624575
E2348C_RS01935,GO:0044238,2,2,0.488066946
E2348C_RS01935,GO:0051234,2,2,0.4138081839999999
E2348C_RS01935,GO:0071702,4,4,0.398923854
E2348C_RS01935,GO:0071704,2,2,0.5987319000000001
E2348C_RS02235,GO:0006807,2,2,0.4349929919999999
E2348C_RS02235,GO:0044237,2,2,0.496488978
E2348C_RS02235,GO:0044238,2,2,0.487422304
E2348C_RS02235,GO:0071704,2,2,0.6093362599999999
E2348C_RS02990,GO:0006807,2,2,0.441685634
E2348C_RS02990,GO:0044237,2,2,0.4953638639999999
E2348C_RS02990,GO:0044238,2,2,0.488264234
E2348C_RS02990,GO:0071704,2,2,0.59934004
E2348C_RS03130,GO:0006807,2,2,0.442150314
E2348C_RS03130,GO:0044237,2,2,0.495616034
E2348C_RS03130,GO:0044238,2,2,0.489827946
E2348C_RS03130,GO:0071704,2,2,0.602667454
E2348C_RS03265,GO:0006807,2,2,0.4306688959999999
E2348C_RS03265,GO:0044237,2,2,0.4964925779999999
E2348C_RS03265,GO:0044238,2,2,0.4872038020000001
E2348C_RS03265,GO:0071704,2,2,0.6138365219999999
E2348C_RS03470,GO:0006082,3,3,0.51599992
E2348C_RS03470,GO:0006520,6,3,0.345085622
E2348C_RS03470,GO:0006807,2,2,0.438276094
E2348C_RS03470,GO:0019752,5,5,0.4935820019999999
E2348C_RS03470,GO:0043436,4,4,0.502244508
E2348C_RS03470,GO:0044237,2,2,0.51599992
E2348C_RS03470,GO:0044238,2,2,0.489400172
E2348C_RS03470,GO:0044281,2,2,0.51599992
E2348C_RS03470,GO:0071704,2,2,0.608965304
E2348C_RS03470,GO:1901564,3,3,0.345085622
E2348C_RS03600,GO:0006807,2,2,0.43974848
E2348C_RS03600,GO:0044237,2,2,0.4952631419999999
E2348C_RS03600,GO:0044238,2,2,0.4875732239999999
E2348C_RS03600,GO:0071704,2,2,0.601925532
E2348C_RS03720,GO:0006518,4,4,0.36011723
E2348C_RS03720,GO:0006807,2,2,0.4449972439999999
E2348C_RS03720,GO:0009058,2,2,0.380958014
E2348C_RS03720,GO:0034641,3,3,0.380958014
E2348C_RS03720,GO:0043603,3,3,0.4038409859999999
E2348C_RS03720,GO:0043604,5,4,0.380958014
E2348C_RS03720,GO:0044237,2,2,0.4948300399999999
E2348C_RS03720,GO:0044238,2,2,0.488349946
E2348C_RS03720,GO:0044249,3,3,0.380958014
E2348C_RS03720,GO:0044271,4,4,0.380958014
E2348C_RS03720,GO:0071704,2,2,0.5932584660000001
E2348C_RS03720,GO:1901564,3,3,0.36011723
E2348C_RS03855,GO:0006807,2,2,0.4428732839999999
E2348C_RS03855,GO:0009056,2,2,0.3640347359999999
E2348C_RS03855,GO:0044237,2,2,0.4947340299999999
E2348C_RS03855,GO:0044238,2,2,0.489969728
E2348C_RS03855,GO:0071704,2,2,0.601033412
E2348C_RS04755,GO:0006807,2,2,0.440206502
E2348C_RS04755,GO:0006810,3,3,0.8498647079999999
E2348C_RS04755,GO:0006811,4,4,0.6280024
E2348C_RS04755,GO:0044237,2,2,0.495334636
E2348C_RS04755,GO:0044238,2,2,0.489288366
E2348C_RS04755,GO:0051234,2,2,0.8498647079999999
E2348C_RS04755,GO:0055085,4,2,0.4705115259999999
E2348C_RS04755,GO:0071702,4,4,0.4870268539999999
E2348C_RS04755,GO:0071704,2,2,0.6056885399999999
E2348C_RS04885,GO:0006081,3,3,0.649294032
E2348C_RS04885,GO:0006082,3,3,0.657419522
E2348C_RS04885,GO:0006807,2,2,0.444118948
E2348C_RS04885,GO:0009056,2,2,0.7846149080000001
E2348C_RS04885,GO:0019752,5,5,0.657079168
E2348C_RS04885,GO:0032787,6,6,0.571441814
E2348C_RS04885,GO:0042180,3,3,0.507002412
E2348C_RS04885,GO:0043436,4,4,0.657079168
E2348C_RS04885,GO:0044237,2,2,0.723002326
E2348C_RS04885,GO:0044238,2,2,0.49010506
E2348C_RS04885,GO:0044248,3,3,0.723002326
E2348C_RS04885,GO:0044281,2,2,0.743948156
E2348C_RS04885,GO:0044282,3,3,0.743948156
E2348C_RS04885,GO:0071704,2,2,0.784421228
E2348C_RS04885,GO:1901575,3,3,0.784421228
E2348C_RS04885,GO:1901615,3,3,0.464010004
E2348C_RS05195,GO:0006807,2,2,0.4448401
E2348C_RS05195,GO:0006810,3,3,0.548116722
E2348C_RS05195,GO:0006811,4,4,0.444744732
E2348C_RS05195,GO:0044237,2,2,0.494681518
E2348C_RS05195,GO:0044238,2,2,0.4882701619999999
E2348C_RS05195,GO:0051234,2,2,0.5525473699999999
E2348C_RS05195,GO:0055085,4,2,0.444744732
E2348C_RS05195,GO:0071702,4,4,0.390952032
E2348C_RS05195,GO:0071704,2,2,0.593991402
E2348C_RS05390,GO:0006807,2,2,0.4356116499999999
E2348C_RS05390,GO:0044237,2,2,0.4954362559999999
E2348C_RS05390,GO:0044238,2,2,0.489958398
E2348C_RS05390,GO:0071704,2,2,0.6100629100000001
E2348C_RS05430,GO:0006807,2,2,0.442596304
E2348C_RS05430,GO:0044237,2,2,0.49519692
E2348C_RS05430,GO:0044238,2,2,0.490444118
E2348C_RS05430,GO:0071704,2,2,0.6009374999999999
E2348C_RS05695,GO:0006807,2,2,0.440103488
E2348C_RS05695,GO:0044237,2,2,0.494993384
E2348C_RS05695,GO:0044238,2,2,0.489903364
E2348C_RS05695,GO:0071704,2,2,0.603722202
E2348C_RS05700,GO:0006139,4,3,0.354305138
E2348C_RS05700,GO:0006259,6,4,0.354305138
E2348C_RS05700,GO:0006725,3,3,0.354305138
E2348C_RS05700,GO:0006807,2,2,0.43080943
E2348C_RS05700,GO:0034641,3,3,0.354305138
E2348C_RS05700,GO:0043170,3,3,0.354305138
E2348C_RS05700,GO:0044237,2,2,0.495998812
E2348C_RS05700,GO:0044238,2,2,0.490415692
E2348C_RS05700,GO:0046483,3,3,0.354305138
E2348C_RS05700,GO:0071704,2,2,0.6161770280000001
E2348C_RS05700,GO:0090304,5,4,0.354305138
E2348C_RS05700,GO:1901360,3,3,0.354305138
E2348C_RS05860,GO:0006139,4,3,0.7166697799999999
E2348C_RS05860,GO:0006355,9,6,0.710263318
E2348C_RS05860,GO:0006725,3,3,0.7166697799999999
E2348C_RS05860,GO:0006807,2,2,0.7166697799999999
E2348C_RS05860,GO:0009058,2,2,0.7166697799999999
E2348C_RS05860,GO:0009059,4,4,0.7166697799999999
E2348C_RS05860,GO:0009889,4,4,0.7166697799999999
E2348C_RS05860,GO:0010468,5,5,0.710263318
E2348C_RS05860,GO:0010556,5,5,0.7166697799999999
E2348C_RS05860,GO:0016070,6,5,0.7166697799999999
E2348C_RS05860,GO:0018130,4,4,0.7166697799999999
E2348C_RS05860,GO:0019219,5,5,0.7166697799999999
E2348C_RS05860,GO:0019222,3,3,0.7166697799999999
E2348C_RS05860,GO:0019438,4,4,0.7166697799999999
E2348C_RS05860,GO:0031323,4,4,0.7166697799999999
E2348C_RS05860,GO:0031326,5,5,0.7166697799999999
E2348C_RS05860,GO:0032774,7,5,0.7166697799999999
E2348C_RS05860,GO:0034641,3,3,0.7166697799999999
E2348C_RS05860,GO:0034654,5,4,0.7166697799999999
E2348C_RS05860,GO:0043170,3,3,0.7166697799999999
E2348C_RS05860,GO:0044237,2,2,0.7166697799999999
E2348C_RS05860,GO:0044238,2,2,0.7166697799999999
E2348C_RS05860,GO:0044249,3,3,0.7166697799999999
E2348C_RS05860,GO:0044271,4,4,0.7166697799999999
E2348C_RS05860,GO:0046483,3,3,0.7166697799999999
E2348C_RS05860,GO:0050789,2,2,0.7166697799999999
E2348C_RS05860,GO:0050794,3,3,0.7166697799999999
E2348C_RS05860,GO:0051171,4,4,0.7166697799999999
E2348C_RS05860,GO:0051252,6,5,0.7166697799999999
E2348C_RS05860,GO:0060255,4,4,0.7166697799999999
E2348C_RS05860,GO:0071704,2,2,0.7166697799999999
E2348C_RS05860,GO:0080090,4,4,0.7166697799999999
E2348C_RS05860,GO:0090304,5,4,0.7166697799999999
E2348C_RS05860,GO:1901360,3,3,0.7166697799999999
E2348C_RS05860,GO:1901362,4,4,0.7166697799999999
E2348C_RS05860,GO:1901576,3,3,0.7166697799999999
E2348C_RS05860,GO:2001141,7,6,0.7166697799999999
E2348C_RS05980,GO:0006807,2,2,0.435468244
E2348C_RS05980,GO:0044237,2,2,0.495866964
E2348C_RS05980,GO:0044238,2,2,0.489802694
E2348C_RS05980,GO:0071704,2,2,0.614825988
E2348C_RS06160,GO:0006807,2,2,0.4406635719999999
E2348C_RS06160,GO:0006810,3,3,0.509591286
E2348C_RS06160,GO:0044237,2,2,0.494860454
E2348C_RS06160,GO:0044238,2,2,0.4872911359999999
E2348C_RS06160,GO:0051234,2,2,0.511159522
E2348C_RS06160,GO:0071702,4,4,0.472474624
E2348C_RS06160,GO:0071704,2,2,0.60040838
E2348C_RS06405,GO:0006807,2,2,0.4343876359999999
E2348C_RS06405,GO:0044237,2,2,0.4955367579999999
E2348C_RS06405,GO:0044238,2,2,0.490372584
E2348C_RS06405,GO:0071704,2,2,0.6119937719999999
E2348C_RS06540,GO:0006807,2,2,0.439498776
E2348C_RS06540,GO:0044237,2,2,0.495096118
E2348C_RS06540,GO:0044238,2,2,0.489958036
E2348C_RS06540,GO:0071704,2,2,0.605554308
E2348C_RS07420,GO:0006807,2,2,0.441113188
E2348C_RS07420,GO:0044237,2,2,0.494646024
E2348C_RS07420,GO:0044238,2,2,0.4911887339999999
E2348C_RS07420,GO:0071704,2,2,0.60211308
E2348C_RS07450,GO:0006807,2,2,0.4352693960000001
E2348C_RS07450,GO:0006810,3,3,0.5624367459999999
E2348C_RS07450,GO:0006811,4,4,0.454736542
E2348C_RS07450,GO:0008104,4,4,0.361985336
E2348C_RS07450,GO:0015031,6,4,0.339743702
E2348C_RS07450,GO:0033036,2,2,0.441195048
E2348C_RS07450,GO:0044237,2,2,0.494961192
E2348C_RS07450,GO:0044238,2,2,0.489525434
E2348C_RS07450,GO:0045184,5,3,0.361985336
E2348C_RS07450,GO:0051234,2,2,0.56407884
E2348C_RS07450,GO:0051641,2,2,0.441195048
E2348C_RS07450,GO:0055085,4,2,0.54920211
E2348C_RS07450,GO:0070727,3,3,0.441195048
E2348C_RS07450,GO:0071702,4,4,0.531622898
E2348C_RS07450,GO:0071704,2,2,0.6089509800000001
E2348C_RS07450,GO:0071705,4,4,0.4092849859999999
E2348C_RS07450,GO:0071840,2,2,0.3578033639999999
E2348C_RS07450,GO:0098657,4,4,0.4983701340000001
E2348C_RS07450,GO:0098739,5,3,0.54920211
E2348C_RS07800,GO:0006807,2,2,0.4431708
E2348C_RS07800,GO:0044237,2,2,0.493737714
E2348C_RS07800,GO:0044238,2,2,0.490402546
E2348C_RS07800,GO:0071704,2,2,0.598973044
E2348C_RS08750,GO:0006807,2,2,0.4391148539999999
E2348C_RS08750,GO:0044237,2,2,0.494284966
E2348C_RS08750,GO:0044238,2,2,0.491340786
E2348C_RS08750,GO:0071704,2,2,0.6041243059999999
E2348C_RS09325,GO:0006807,2,2,0.441043662
E2348C_RS09325,GO:0006810,3,3,0.715232548
E2348C_RS09325,GO:0006811,4,4,0.609658638
E2348C_RS09325,GO:0008104,4,4,0.3911568359999999
E2348C_RS09325,GO:0015031,6,4,0.350765222
E2348C_RS09325,GO:0033036,2,2,0.395376774
E2348C_RS09325,GO:0044237,2,2,0.494534906
E2348C_RS09325,GO:0044238,2,2,0.4891705039999999
E2348C_RS09325,GO:0045184,5,3,0.3911568359999999
E2348C_RS09325,GO:0051234,2,2,0.715232548
E2348C_RS09325,GO:0051641,2,2,0.3911568359999999
E2348C_RS09325,GO:0055085,4,2,0.381470942
E2348C_RS09325,GO:0070727,3,3,0.3911568359999999
E2348C_RS09325,GO:0071702,4,4,0.715232548
E2348C_RS09325,GO:0071704,2,2,0.59795346
E2348C_RS09325,GO:0071705,4,4,0.403761746
E2348C_RS09625,GO:0006807,2,2,0.43489331
E2348C_RS09625,GO:0044237,2,2,0.49506049
E2348C_RS09625,GO:0044238,2,2,0.490015928
E2348C_RS09625,GO:0071704,2,2,0.610907904
E2348C_RS09630,GO:0006807,2,2,0.43685815
E2348C_RS09630,GO:0044237,2,2,0.4948796120000001
E2348C_RS09630,GO:0044238,2,2,0.490827874
E2348C_RS09630,GO:0071704,2,2,0.607500882
E2348C_RS09635,GO:0006807,2,2,0.43866854
E2348C_RS09635,GO:0044237,2,2,0.49512161
E2348C_RS09635,GO:0044238,2,2,0.490007908
E2348C_RS09635,GO:0071704,2,2,0.603121396
E2348C_RS09640,GO:0006807,2,2,0.4360543399999999
E2348C_RS09640,GO:0044237,2,2,0.4944766319999999
E2348C_RS09640,GO:0044238,2,2,0.489269042
E2348C_RS09640,GO:0071704,2,2,0.6063688920000001
E2348C_RS09655,GO:0006807,2,2,0.43089294
E2348C_RS09655,GO:0044237,2,2,0.4959456299999999
E2348C_RS09655,GO:0044238,2,2,0.49199919
E2348C_RS09655,GO:0071704,2,2,0.613887296
E2348C_RS09660,GO:0006807,2,2,0.441029116
E2348C_RS09660,GO:0006810,3,3,0.4613967879999999
E2348C_RS09660,GO:0044237,2,2,0.49426979
E2348C_RS09660,GO:0044238,2,2,0.491156332
E2348C_RS09660,GO:0051234,2,2,0.4613967879999999
E2348C_RS09660,GO:0071702,4,4,0.4613967879999999
E2348C_RS09660,GO:0071704,2,2,0.6051164139999999
E2348C_RS09720,GO:0006807,2,2,0.437062562
E2348C_RS09720,GO:0044237,2,2,0.494155236
E2348C_RS09720,GO:0044238,2,2,0.4910892
E2348C_RS09720,GO:0071704,2,2,0.6078543639999999
E2348C_RS09725,GO:0006807,2,2,0.443727974
E2348C_RS09725,GO:0044237,2,2,0.493577528
E2348C_RS09725,GO:0044238,2,2,0.491614434
E2348C_RS09725,GO:0071704,2,2,0.59731362
E2348C_RS09735,GO:0006807,2,2,0.440475516
E2348C_RS09735,GO:0006810,3,3,0.4735017339999999
E2348C_RS09735,GO:0006811,4,4,0.349095898
E2348C_RS09735,GO:0033036,2,2,0.374317628
E2348C_RS09735,GO:0044237,2,2,0.4937131879999999
E2348C_RS09735,GO:0044238,2,2,0.4913642239999999
E2348C_RS09735,GO:0051234,2,2,0.4735017339999999
E2348C_RS09735,GO:0051641,2,2,0.374317628
E2348C_RS09735,GO:0070727,3,3,0.374317628
E2348C_RS09735,GO:0071702,4,4,0.4735017339999999
E2348C_RS09735,GO:0071704,2,2,0.6028594079999999
E2348C_RS10035,GO:0006807,2,2,0.447804554
E2348C_RS10035,GO:0044237,2,2,0.493484928
E2348C_RS10035,GO:0044238,2,2,0.492614448
E2348C_RS10035,GO:0071704,2,2,0.5914471299999999
E2348C_RS10045,GO:0006807,2,2,0.4475905679999999
E2348C_RS10045,GO:0044237,2,2,0.494323498
E2348C_RS10045,GO:0044238,2,2,0.493500218
E2348C_RS10045,GO:0071704,2,2,0.59391932
E2348C_RS10155,GO:0006807,2,2,0.4387914699999999
E2348C_RS10155,GO:0009056,2,2,0.44935838
E2348C_RS10155,GO:0044237,2,2,0.494857058
E2348C_RS10155,GO:0044238,2,2,0.489228496
E2348C_RS10155,GO:0044281,2,2,0.44935838
E2348C_RS10155,GO:0044282,3,3,0.44935838
E2348C_RS10155,GO:0071704,2,2,0.601153452
E2348C_RS10155,GO:1901575,3,3,0.4016020960000001
E2348C_RS10820,GO:0006807,2,2,0.444480212
E2348C_RS10820,GO:0044237,2,2,0.494375634
E2348C_RS10820,GO:0044238,2,2,0.490318296
E2348C_RS10820,GO:0071704,2,2,0.593967598
E2348C_RS11220,GO:0006807,2,2,0.438750778
E2348C_RS11220,GO:0044237,2,2,0.494689244
E2348C_RS11220,GO:0044238,2,2,0.492450036
E2348C_RS11220,GO:0071704,2,2,0.60342529
E2348C_RS11235,GO:0006807,2,2,0.424582326
E2348C_RS11235,GO:0044237,2,2,0.4970963139999999
E2348C_RS11235,GO:0044238,2,2,0.491979682
E2348C_RS11235,GO:0071704,2,2,0.62374796
E2348C_RS11240,GO:0006807,2,2,0.437934712
E2348C_RS11240,GO:0044237,2,2,0.495286838
E2348C_RS11240,GO:0044238,2,2,0.49227778
E2348C_RS11240,GO:0071704,2,2,0.60524883
E2348C_RS11270,GO:0006807,2,2,0.440947782
E2348C_RS11270,GO:0044237,2,2,0.494744398
E2348C_RS11270,GO:0044238,2,2,0.49227665
E2348C_RS11270,GO:0071704,2,2,0.6009592999999999
E2348C_RS11275,GO:0006807,2,2,0.443045238
E2348C_RS11275,GO:0044237,2,2,0.495584992
E2348C_RS11275,GO:0044238,2,2,0.490302174
E2348C_RS11275,GO:0071704,2,2,0.595774888
E2348C_RS11290,GO:0006139,4,3,0.403444094
E2348C_RS11290,GO:0006259,6,4,0.403444094
E2348C_RS11290,GO:0006725,3,3,0.403444094
E2348C_RS11290,GO:0006807,2,2,0.4429795159999999
E2348C_RS11290,GO:0034641,3,3,0.403444094
E2348C_RS11290,GO:0043170,3,3,0.403444094
E2348C_RS11290,GO:0044237,2,2,0.494629418
E2348C_RS11290,GO:0044238,2,2,0.49045502
E2348C_RS11290,GO:0046483,3,3,0.403444094
E2348C_RS11290,GO:0071704,2,2,0.594832968
E2348C_RS11290,GO:0090304,5,4,0.403444094
E2348C_RS11290,GO:1901360,3,3,0.403444094
E2348C_RS11295,GO:0006139,4,3,0.998386796
E2348C_RS11295,GO:0006259,6,4,0.998386796
E2348C_RS11295,GO:0006281,7,5,0.992863864
E2348C_RS11295,GO:0006725,3,3,0.998386796
E2348C_RS11295,GO:0006807,2,2,0.998386796
E2348C_RS11295,GO:0006950,2,2,0.995987218
E2348C_RS11295,GO:0006974,4,4,0.995987218
E2348C_RS11295,GO:0007154,2,2,0.995987218
E2348C_RS11295,GO:0009432,5,4,0.995987218
E2348C_RS11295,GO:0009605,2,2,0.995987218
E2348C_RS11295,GO:0009991,3,3,0.995987218
E2348C_RS11295,GO:0031668,4,3,0.995987218
E2348C_RS11295,GO:0033554,3,3,0.995987218
E2348C_RS11295,GO:0034641,3,3,0.998386796
E2348C_RS11295,GO:0043170,3,3,0.998386796
E2348C_RS11295,GO:0044237,2,2,0.998386796
E2348C_RS11295,GO:0044238,2,2,0.998386796
E2348C_RS11295,GO:0046483,3,3,0.998386796
E2348C_RS11295,GO:0051716,2,2,0.996475462
E2348C_RS11295,GO:0071496,3,3,0.995987218
E2348C_RS11295,GO:0071704,2,2,0.998386796
E2348C_RS11295,GO:0090304,5,4,0.998386796
E2348C_RS11295,GO:1901360,3,3,0.998386796
E2348C_RS11325,GO:0006807,2,2,0.440546612
E2348C_RS11325,GO:0006810,3,3,0.76736082
E2348C_RS11325,GO:0006811,4,4,0.609049084
E2348C_RS11325,GO:0008104,4,4,0.501753938
E2348C_RS11325,GO:0015031,6,4,0.489084116
E2348C_RS11325,GO:0033036,2,2,0.501753938
E2348C_RS11325,GO:0044237,2,2,0.49518259
E2348C_RS11325,GO:0044238,2,2,0.489900686
E2348C_RS11325,GO:0045184,5,3,0.501753938
E2348C_RS11325,GO:0051234,2,2,0.7757380899999999
E2348C_RS11325,GO:0051641,2,2,0.501904964
E2348C_RS11325,GO:0055085,4,2,0.449319168
E2348C_RS11325,GO:0070727,3,3,0.501753938
E2348C_RS11325,GO:0071702,4,4,0.661356676
E2348C_RS11325,GO:0071704,2,2,0.598304974
E2348C_RS11325,GO:0071705,4,4,0.54930294
E2348C_RS11350,GO:0006139,4,3,0.3532190819999999
E2348C_RS11350,GO:0006259,6,4,0.3532190819999999
E2348C_RS11350,GO:0006725,3,3,0.3532190819999999
E2348C_RS11350,GO:0006807,2,2,0.439857884
E2348C_RS11350,GO:0009058,2,2,0.46391664
E2348C_RS11350,GO:0009059,4,4,0.46391664
E2348C_RS11350,GO:0009889,4,4,0.46391664
E2348C_RS11350,GO:0010468,5,5,0.438706414
E2348C_RS11350,GO:0010556,5,5,0.46391664
E2348C_RS11350,GO:0019222,3,3,0.46391664
E2348C_RS11350,GO:0031323,4,4,0.386656
E2348C_RS11350,GO:0031326,5,5,0.386656
E2348C_RS11350,GO:0034641,3,3,0.3532190819999999
E2348C_RS11350,GO:0043170,3,3,0.46391664
E2348C_RS11350,GO:0044237,2,2,0.494647554
E2348C_RS11350,GO:0044238,2,2,0.491885886
E2348C_RS11350,GO:0044249,3,3,0.386656
E2348C_RS11350,GO:0046483,3,3,0.3532190819999999
E2348C_RS11350,GO:0050789,2,2,0.46391664
E2348C_RS11350,GO:0050794,3,3,0.386656
E2348C_RS11350,GO:0051171,4,4,0.340946806
E2348C_RS11350,GO:0060255,4,4,0.46391664
E2348C_RS11350,GO:0071704,2,2,0.602370156
E2348C_RS11350,GO:0080090,4,4,0.35980763
E2348C_RS11350,GO:0090304,5,4,0.3532190819999999
E2348C_RS11350,GO:1901360,3,3,0.3532190819999999
E2348C_RS11350,GO:1901576,3,3,0.46391664
E2348C_RS11645,GO:0006807,2,2,0.437287294
E2348C_RS11645,GO:0006810,3,3,0.417932628
E2348C_RS11645,GO:0044237,2,2,0.4954820079999999
E2348C_RS11645,GO:0044238,2,2,0.490060038
E2348C_RS11645,GO:0051234,2,2,0.421938032
E2348C_RS11645,GO:0071704,2,2,0.602927738
E2348C_RS11650,GO:0006807,2,2,0.442638614
E2348C_RS11650,GO:0006810,3,3,0.5216590839999999
E2348C_RS11650,GO:0006811,4,4,0.3589382259999999
E2348C_RS11650,GO:0044237,2,2,0.493841976
E2348C_RS11650,GO:0044238,2,2,0.49010002
E2348C_RS11650,GO:0051234,2,2,0.5216590839999999
E2348C_RS11650,GO:0055085,4,2,0.3589382259999999
E2348C_RS11650,GO:0071704,2,2,0.5947888800000001
E2348C_RS13350,GO:0006139,4,3,0.379710134
E2348C_RS13350,GO:0006355,9,6,0.37777873
E2348C_RS13350,GO:0006725,3,3,0.379710134
E2348C_RS13350,GO:0006807,2,2,0.477500058
E2348C_RS13350,GO:0009058,2,2,0.4469947719999999
E2348C_RS13350,GO:0009059,4,4,0.4469947719999999
E2348C_RS13350,GO:0009889,4,4,0.4469947719999999
E2348C_RS13350,GO:0010468,5,5,0.4043202899999999
E2348C_RS13350,GO:0010556,5,5,0.4469947719999999
E2348C_RS13350,GO:0016070,6,5,0.379710134
E2348C_RS13350,GO:0018130,4,4,0.379710134
E2348C_RS13350,GO:0019219,5,5,0.379710134
E2348C_RS13350,GO:0019222,3,3,0.486982446
E2348C_RS13350,GO:0019438,4,4,0.379710134
E2348C_RS13350,GO:0031323,4,4,0.4655785
E2348C_RS13350,GO:0031326,5,5,0.4055677539999999
E2348C_RS13350,GO:0032774,7,5,0.379710134
E2348C_RS13350,GO:0034641,3,3,0.379710134
E2348C_RS13350,GO:0034654,5,4,0.379710134
E2348C_RS13350,GO:0043170,3,3,0.4490187879999999
E2348C_RS13350,GO:0044237,2,2,0.4954244479999999
E2348C_RS13350,GO:0044238,2,2,0.492775686
E2348C_RS13350,GO:0044249,3,3,0.4055677539999999
E2348C_RS13350,GO:0044271,4,4,0.379710134
E2348C_RS13350,GO:0046483,3,3,0.379710134
E2348C_RS13350,GO:0050789,2,2,0.486982446
E2348C_RS13350,GO:0050794,3,3,0.4655785
E2348C_RS13350,GO:0051171,4,4,0.477500058
E2348C_RS13350,GO:0051252,6,5,0.379710134
E2348C_RS13350,GO:0060255,4,4,0.4490187879999999
E2348C_RS13350,GO:0071704,2,2,0.598231874
E2348C_RS13350,GO:0080090,4,4,0.486982446
E2348C_RS13350,GO:0090304,5,4,0.379710134
E2348C_RS13350,GO:1901360,3,3,0.379710134
E2348C_RS13350,GO:1901362,4,4,0.379710134
E2348C_RS13350,GO:1901576,3,3,0.4469947719999999
E2348C_RS13350,GO:2001141,7,6,0.379710134
E2348C_RS13440,GO:0006139,4,3,0.8456103279999999
E2348C_RS13440,GO:0006259,6,4,0.8456103279999999
E2348C_RS13440,GO:0006260,7,5,0.41417528
E2348C_RS13440,GO:0006725,3,3,0.8456103279999999
E2348C_RS13440,GO:0006807,2,2,0.8456103279999999
E2348C_RS13440,GO:0009058,2,2,0.41417528
E2348C_RS13440,GO:0009059,4,4,0.41417528
E2348C_RS13440,GO:0018130,4,4,0.41417528
E2348C_RS13440,GO:0019438,4,4,0.41417528
E2348C_RS13440,GO:0034641,3,3,0.8456103279999999
E2348C_RS13440,GO:0034654,5,4,0.41417528
E2348C_RS13440,GO:0043170,3,3,0.8456103279999999
E2348C_RS13440,GO:0044237,2,2,0.8456103279999999
E2348C_RS13440,GO:0044238,2,2,0.8456103279999999
E2348C_RS13440,GO:0044249,3,3,0.41417528
E2348C_RS13440,GO:0044271,4,4,0.41417528
E2348C_RS13440,GO:0046483,3,3,0.8456103279999999
E2348C_RS13440,GO:0071704,2,2,0.8456103279999999
E2348C_RS13440,GO:0090304,5,4,0.8456103279999999
E2348C_RS13440,GO:1901360,3,3,0.8456103279999999
E2348C_RS13440,GO:1901362,4,4,0.41417528
E2348C_RS13440,GO:1901576,3,3,0.41417528
E2348C_RS13640,GO:0006807,2,2,0.4428080259999999
E2348C_RS13640,GO:0019538,4,3,0.34804153
E2348C_RS13640,GO:0043170,3,3,0.34804153
E2348C_RS13640,GO:0043412,4,4,0.34804153
E2348C_RS13640,GO:0044237,2,2,0.4947850179999999
E2348C_RS13640,GO:0044238,2,2,0.4948208819999999
E2348C_RS13640,GO:0071704,2,2,0.596471476
E2348C_RS13640,GO:1901564,3,3,0.34804153
E2348C_RS14080,GO:0006807,2,2,0.444099812
E2348C_RS14080,GO:0044237,2,2,0.494977476
E2348C_RS14080,GO:0044238,2,2,0.4944768620000001
E2348C_RS14080,GO:0071704,2,2,0.59665221
E2348C_RS14130,GO:0006139,4,3,0.362841668
E2348C_RS14130,GO:0006725,3,3,0.362841668
E2348C_RS14130,GO:0006807,2,2,0.447804174
E2348C_RS14130,GO:0009058,2,2,0.355845742
E2348C_RS14130,GO:0009059,4,4,0.349463622
E2348C_RS14130,GO:0009889,4,4,0.355845742
E2348C_RS14130,GO:0010468,5,5,0.34265658
E2348C_RS14130,GO:0010556,5,5,0.349463622
E2348C_RS14130,GO:0019219,5,5,0.362841668
E2348C_RS14130,GO:0019222,3,3,0.4135467359999999
E2348C_RS14130,GO:0031323,4,4,0.39690485
E2348C_RS14130,GO:0034641,3,3,0.362841668
E2348C_RS14130,GO:0043170,3,3,0.40424368
E2348C_RS14130,GO:0044237,2,2,0.495242924
E2348C_RS14130,GO:0044238,2,2,0.494658532
E2348C_RS14130,GO:0046483,3,3,0.362841668
E2348C_RS14130,GO:0050789,2,2,0.4135467359999999
E2348C_RS14130,GO:0050794,3,3,0.39690485
E2348C_RS14130,GO:0051171,4,4,0.4135467359999999
E2348C_RS14130,GO:0060255,4,4,0.40424368
E2348C_RS14130,GO:0071704,2,2,0.591736028
E2348C_RS14130,GO:0080090,4,4,0.407827542
E2348C_RS14130,GO:1901360,3,3,0.362841668
E2348C_RS14130,GO:1901576,3,3,0.349463622
E2348C_RS14135,GO:0006807,2,2,0.435215496
E2348C_RS14135,GO:0044237,2,2,0.49640566
E2348C_RS14135,GO:0044238,2,2,0.494191172
E2348C_RS14135,GO:0071704,2,2,0.6080717499999999
E2348C_RS14140,GO:0006807,2,2,0.4383921759999999
E2348C_RS14140,GO:0044237,2,2,0.495896252
E2348C_RS14140,GO:0044238,2,2,0.494554104
E2348C_RS14140,GO:0071704,2,2,0.6030724980000001
E2348C_RS14145,GO:0006807,2,2,0.441773408
E2348C_RS14145,GO:0009058,2,2,0.392263476
E2348C_RS14145,GO:0034641,3,3,0.392263476
E2348C_RS14145,GO:0043603,3,3,0.392263476
E2348C_RS14145,GO:0043604,5,4,0.392263476
E2348C_RS14145,GO:0044237,2,2,0.49565336
E2348C_RS14145,GO:0044238,2,2,0.49411392
E2348C_RS14145,GO:0044249,3,3,0.392263476
E2348C_RS14145,GO:0044271,4,4,0.392263476
E2348C_RS14145,GO:0071704,2,2,0.6007530940000001
E2348C_RS14150,GO:0006807,2,2,0.45135492
E2348C_RS14150,GO:0044237,2,2,0.494307548
E2348C_RS14150,GO:0044238,2,2,0.4927810239999999
E2348C_RS14150,GO:0071704,2,2,0.582082232
E2348C_RS14155,GO:0006139,4,3,0.4586047759999999
E2348C_RS14155,GO:0006259,6,4,0.4586047759999999
E2348C_RS14155,GO:0006725,3,3,0.4586047759999999
E2348C_RS14155,GO:0006807,2,2,0.4586047759999999
E2348C_RS14155,GO:0034641,3,3,0.4586047759999999
E2348C_RS14155,GO:0043170,3,3,0.4586047759999999
E2348C_RS14155,GO:0044237,2,2,0.49599242
E2348C_RS14155,GO:0044238,2,2,0.495328434
E2348C_RS14155,GO:0046483,3,3,0.4586047759999999
E2348C_RS14155,GO:0071704,2,2,0.59542212
E2348C_RS14155,GO:0090304,5,4,0.4586047759999999
E2348C_RS14155,GO:1901360,3,3,0.4586047759999999
E2348C_RS14165,GO:0006807,2,2,0.44209477
E2348C_RS14165,GO:0044237,2,2,0.4957534860000001
E2348C_RS14165,GO:0044238,2,2,0.494937504
E2348C_RS14165,GO:0071704,2,2,0.6000071
E2348C_RS14195,GO:0006807,2,2,0.490890114
E2348C_RS14195,GO:0009058,2,2,0.490890114
E2348C_RS14195,GO:0034641,3,3,0.490890114
E2348C_RS14195,GO:0043603,3,3,0.490890114
E2348C_RS14195,GO:0043604,5,4,0.490890114
E2348C_RS14195,GO:0044237,2,2,0.501400384
E2348C_RS14195,GO:0044238,2,2,0.494269606
E2348C_RS14195,GO:0044249,3,3,0.490890114
E2348C_RS14195,GO:0044271,4,4,0.490890114
E2348C_RS14195,GO:0071704,2,2,0.603686274
E2348C_RS14210,GO:0006807,2,2,0.4403940779999999
E2348C_RS14210,GO:0044237,2,2,0.495876974
E2348C_RS14210,GO:0044238,2,2,0.494542034
E2348C_RS14210,GO:0071704,2,2,0.6034731819999999
E2348C_RS14220,GO:0006807,2,2,0.43816485
E2348C_RS14220,GO:0044237,2,2,0.495183556
E2348C_RS14220,GO:0044238,2,2,0.4944014259999999
E2348C_RS14220,GO:0071704,2,2,0.6005048179999999
E2348C_RS14235,GO:0006807,2,2,0.4363705719999999
E2348C_RS14235,GO:0006810,3,3,0.4347440159999999
E2348C_RS14235,GO:0044237,2,2,0.496457708
E2348C_RS14235,GO:0044238,2,2,0.494671494
E2348C_RS14235,GO:0051234,2,2,0.440745866
E2348C_RS14235,GO:0071704,2,2,0.6067319040000001
E2348C_RS14270,GO:0006807,2,2,0.438701482
E2348C_RS14270,GO:0044237,2,2,0.495779252
E2348C_RS14270,GO:0044238,2,2,0.494446604
E2348C_RS14270,GO:0071704,2,2,0.601641592
E2348C_RS14280,GO:0006807,2,2,0.441776806
E2348C_RS14280,GO:0044237,2,2,0.495033668
E2348C_RS14280,GO:0044238,2,2,0.4932284
E2348C_RS14280,GO:0071704,2,2,0.5980192019999999
E2348C_RS14285,GO:0006807,2,2,0.445123292
E2348C_RS14285,GO:0044237,2,2,0.495120772
E2348C_RS14285,GO:0044238,2,2,0.494338632
E2348C_RS14285,GO:0071704,2,2,0.5949546400000001
E2348C_RS14310,GO:0006807,2,2,0.445044216
E2348C_RS14310,GO:0044237,2,2,0.494585732
E2348C_RS14310,GO:0044238,2,2,0.4947700839999999
E2348C_RS14310,GO:0071704,2,2,0.594127574
E2348C_RS14315,GO:0006807,2,2,0.439294564
E2348C_RS14315,GO:0044237,2,2,0.4960148
E2348C_RS14315,GO:0044238,2,2,0.4944144279999999
E2348C_RS14315,GO:0071704,2,2,0.602950416
E2348C_RS14360,GO:0006807,2,2,0.442268486
E2348C_RS14360,GO:0044237,2,2,0.4961973979999999
E2348C_RS14360,GO:0044238,2,2,0.493165984
E2348C_RS14360,GO:0071704,2,2,0.59448382
E2348C_RS14920,GO:0006807,2,2,0.443645572
E2348C_RS14920,GO:0007155,2,2,0.355261328
E2348C_RS14920,GO:0044237,2,2,0.4959985319999999
E2348C_RS14920,GO:0044238,2,2,0.492999828
E2348C_RS14920,GO:0071704,2,2,0.592181712
E2348C_RS14925,GO:0006807,2,2,0.4392692279999999
E2348C_RS14925,GO:0044237,2,2,0.4965635919999999
E2348C_RS14925,GO:0044238,2,2,0.493367134
E2348C_RS14925,GO:0071704,2,2,0.598743858
E2348C_RS14960,GO:0006139,4,3,0.6232515540000001
E2348C_RS14960,GO:0006259,6,4,0.6232515540000001
E2348C_RS14960,GO:0006725,3,3,0.6232515540000001
E2348C_RS14960,GO:0006807,2,2,0.6232515540000001
E2348C_RS14960,GO:0034641,3,3,0.6232515540000001
E2348C_RS14960,GO:0043170,3,3,0.6232515540000001
E2348C_RS14960,GO:0044237,2,2,0.6232515540000001
E2348C_RS14960,GO:0044238,2,2,0.6232515540000001
E2348C_RS14960,GO:0046483,3,3,0.6232515540000001
E2348C_RS14960,GO:0071704,2,2,0.6232515540000001
E2348C_RS14960,GO:0090304,5,4,0.6232515540000001
E2348C_RS14960,GO:1901360,3,3,0.6232515540000001
E2348C_RS15460,GO:0006807,2,2,0.443785504
E2348C_RS15460,GO:0006810,3,3,0.5935094399999999
E2348C_RS15460,GO:0006811,4,4,0.4055787819999999
E2348C_RS15460,GO:0044237,2,2,0.49592045
E2348C_RS15460,GO:0044238,2,2,0.4933086299999999
E2348C_RS15460,GO:0051234,2,2,0.5939106
E2348C_RS15460,GO:0055085,4,2,0.4055787819999999
E2348C_RS15460,GO:0071702,4,4,0.4397175919999999
E2348C_RS15460,GO:0071704,2,2,0.5920376199999999
E2348C_RS15735,GO:0006807,2,2,0.44585666
E2348C_RS15735,GO:0044237,2,2,0.495773056
E2348C_RS15735,GO:0044238,2,2,0.495319978
E2348C_RS15735,GO:0071704,2,2,0.5943008
E2348C_RS15805,GO:0006807,2,2,0.4410535699999999
E2348C_RS15805,GO:0044237,2,2,0.4971030499999999
E2348C_RS15805,GO:0044238,2,2,0.495772186
E2348C_RS15805,GO:0071704,2,2,0.59929523
E2348C_RS15810,GO:0006807,2,2,0.443925052
E2348C_RS15810,GO:0044237,2,2,0.496256516
E2348C_RS15810,GO:0044238,2,2,0.49566874
E2348C_RS15810,GO:0071704,2,2,0.597666414
E2348C_RS16395,GO:0006807,2,2,0.443397798
E2348C_RS16395,GO:0044237,2,2,0.496585868
E2348C_RS16395,GO:0044238,2,2,0.494467966
E2348C_RS16395,GO:0071704,2,2,0.5923404320000001
E2348C_RS16485,GO:0006807,2,2,0.445204602
E2348C_RS16485,GO:0006810,3,3,0.36189972
E2348C_RS16485,GO:0044237,2,2,0.496296262
E2348C_RS16485,GO:0044238,2,2,0.493458938
E2348C_RS16485,GO:0051234,2,2,0.36189972
E2348C_RS16485,GO:0071704,2,2,0.591110584
E2348C_RS16855,GO:0006807,2,2,0.4315438139999999
E2348C_RS16855,GO:0006810,3,3,0.581415238
E2348C_RS16855,GO:0006811,4,4,0.4335889639999999
E2348C_RS16855,GO:0008104,4,4,0.425463204
E2348C_RS16855,GO:0015031,6,4,0.4002418619999999
E2348C_RS16855,GO:0033036,2,2,0.425463204
E2348C_RS16855,GO:0044237,2,2,0.498259366
E2348C_RS16855,GO:0044238,2,2,0.494964568
E2348C_RS16855,GO:0045184,5,3,0.425463204
E2348C_RS16855,GO:0051234,2,2,0.581415238
E2348C_RS16855,GO:0051641,2,2,0.425463204
E2348C_RS16855,GO:0070727,3,3,0.425463204
E2348C_RS16855,GO:0071702,4,4,0.581415238
E2348C_RS16855,GO:0071704,2,2,0.6100536539999999
E2348C_RS16855,GO:0071705,4,4,0.4002418619999999
E2348C_RS17450,GO:0006807,2,2,0.445269794
E2348C_RS17450,GO:0044237,2,2,0.4971122139999999
E2348C_RS17450,GO:0044238,2,2,0.493553524
E2348C_RS17450,GO:0071704,2,2,0.590515478
E2348C_RS17480,GO:0006807,2,2,0.442458056
E2348C_RS17480,GO:0009056,2,2,0.35454924
E2348C_RS17480,GO:0044237,2,2,0.496572558
E2348C_RS17480,GO:0044238,2,2,0.4936430039999999
E2348C_RS17480,GO:0071704,2,2,0.593149658
E2348C_RS17480,GO:1901575,3,3,0.34961261
E2348C_RS17505,GO:0006807,2,2,0.436915314
E2348C_RS17505,GO:0044237,2,2,0.4972385379999999
E2348C_RS17505,GO:0044238,2,2,0.493524938
E2348C_RS17505,GO:0071704,2,2,0.600838708
E2348C_RS17545,GO:0006807,2,2,0.439139078
E2348C_RS17545,GO:0044237,2,2,0.497147184
E2348C_RS17545,GO:0044238,2,2,0.49404471
E2348C_RS17545,GO:0071704,2,2,0.5986865079999999
E2348C_RS19470,GO:0006139,4,3,0.430872676
E2348C_RS19470,GO:0006355,9,6,0.430872676
E2348C_RS19470,GO:0006725,3,3,0.430872676
E2348C_RS19470,GO:0006807,2,2,0.443418692
E2348C_RS19470,GO:0009058,2,2,0.430872676
E2348C_RS19470,GO:0009059,4,4,0.430872676
E2348C_RS19470,GO:0009889,4,4,0.430872676
E2348C_RS19470,GO:0010468,5,5,0.430872676
E2348C_RS19470,GO:0010556,5,5,0.430872676
E2348C_RS19470,GO:0016070,6,5,0.430872676
E2348C_RS19470,GO:0018130,4,4,0.430872676
E2348C_RS19470,GO:0019219,5,5,0.430872676
E2348C_RS19470,GO:0019222,3,3,0.430872676
E2348C_RS19470,GO:0019438,4,4,0.430872676
E2348C_RS19470,GO:0031323,4,4,0.430872676
E2348C_RS19470,GO:0031326,5,5,0.430872676
E2348C_RS19470,GO:0032774,7,5,0.430872676
E2348C_RS19470,GO:0034641,3,3,0.430872676
E2348C_RS19470,GO:0034654,5,4,0.430872676
E2348C_RS19470,GO:0043170,3,3,0.430872676
E2348C_RS19470,GO:0044237,2,2,0.4968246719999999
E2348C_RS19470,GO:0044238,2,2,0.493657468
E2348C_RS19470,GO:0044249,3,3,0.430872676
E2348C_RS19470,GO:0044271,4,4,0.430872676
E2348C_RS19470,GO:0046483,3,3,0.430872676
E2348C_RS19470,GO:0050789,2,2,0.430872676
E2348C_RS19470,GO:0050794,3,3,0.430872676
E2348C_RS19470,GO:0051171,4,4,0.430872676
E2348C_RS19470,GO:0051252,6,5,0.430872676
E2348C_RS19470,GO:0060255,4,4,0.430872676
E2348C_RS19470,GO:0071704,2,2,0.593058518
E2348C_RS19470,GO:0080090,4,4,0.430872676
E2348C_RS19470,GO:0090304,5,4,0.430872676
E2348C_RS19470,GO:1901360,3,3,0.430872676
E2348C_RS19470,GO:1901362,4,4,0.430872676
E2348C_RS19470,GO:1901576,3,3,0.430872676
E2348C_RS19470,GO:2001141,7,6,0.430872676
E2348C_RS19705,GO:0006807,2,2,0.438015544
E2348C_RS19705,GO:0044237,2,2,0.498412168
E2348C_RS19705,GO:0044238,2,2,0.4938089759999999
E2348C_RS19705,GO:0071704,2,2,0.6000550500000001
E2348C_RS20315,GO:0006807,2,2,0.43896318
E2348C_RS20315,GO:0044237,2,2,0.4978657739999999
E2348C_RS20315,GO:0044238,2,2,0.493301296
E2348C_RS20315,GO:0071704,2,2,0.598743808
E2348C_RS20600,GO:0006139,4,3,0.4007326259999999
E2348C_RS20600,GO:0006259,6,4,0.398638206
E2348C_RS20600,GO:0006355,9,6,0.380618874
E2348C_RS20600,GO:0006725,3,3,0.4007326259999999
E2348C_RS20600,GO:0006807,2,2,0.441211752
E2348C_RS20600,GO:0009058,2,2,0.3972906699999999
E2348C_RS20600,GO:0009059,4,4,0.3972906699999999
E2348C_RS20600,GO:0009889,4,4,0.3972906699999999
E2348C_RS20600,GO:0010468,5,5,0.387144856
E2348C_RS20600,GO:0010556,5,5,0.3972906699999999
E2348C_RS20600,GO:0016070,6,5,0.3824840500000001
E2348C_RS20600,GO:0018130,4,4,0.3824840500000001
E2348C_RS20600,GO:0019219,5,5,0.3949737759999999
E2348C_RS20600,GO:0019222,3,3,0.399768758
E2348C_RS20600,GO:0019438,4,4,0.3824840500000001
E2348C_RS20600,GO:0031323,4,4,0.3949737759999999
E2348C_RS20600,GO:0031326,5,5,0.3824840500000001
E2348C_RS20600,GO:0032774,7,5,0.3824840500000001
E2348C_RS20600,GO:0034641,3,3,0.4007326259999999
E2348C_RS20600,GO:0034654,5,4,0.3824840500000001
E2348C_RS20600,GO:0043170,3,3,0.4000952299999999
E2348C_RS20600,GO:0044237,2,2,0.497623228
E2348C_RS20600,GO:0044238,2,2,0.493037578
E2348C_RS20600,GO:0044249,3,3,0.3824840500000001
E2348C_RS20600,GO:0044271,4,4,0.3824840500000001
E2348C_RS20600,GO:0046483,3,3,0.4007326259999999
E2348C_RS20600,GO:0050789,2,2,0.399768758
E2348C_RS20600,GO:0050794,3,3,0.3949737759999999
E2348C_RS20600,GO:0051171,4,4,0.3949737759999999
E2348C_RS20600,GO:0051252,6,5,0.3824840500000001
E2348C_RS20600,GO:0060255,4,4,0.3972906699999999
E2348C_RS20600,GO:0071704,2,2,0.596840566
E2348C_RS20600,GO:0080090,4,4,0.3949737759999999
E2348C_RS20600,GO:0090304,5,4,0.398638206
E2348C_RS20600,GO:1901360,3,3,0.4007326259999999
E2348C_RS20600,GO:1901362,4,4,0.3824840500000001
E2348C_RS20600,GO:1901576,3,3,0.3972906699999999
E2348C_RS20600,GO:2001141,7,6,0.3824840500000001
E2348C_RS20885,GO:0006807,2,2,0.442606128
E2348C_RS20885,GO:0044237,2,2,0.497691246
E2348C_RS20885,GO:0044238,2,2,0.4948912
E2348C_RS20885,GO:0071704,2,2,0.60003012
E2348C_RS20920,GO:0006807,2,2,0.4511800199999999
E2348C_RS20920,GO:0044237,2,2,0.496377386
E2348C_RS20920,GO:0044238,2,2,0.49532879
E2348C_RS20920,GO:0071704,2,2,0.592958752
E2348C_RS20930,GO:0006139,4,3,0.4157076780000001
E2348C_RS20930,GO:0006355,9,6,0.3676875619999999
E2348C_RS20930,GO:0006725,3,3,0.4157076780000001
E2348C_RS20930,GO:0006807,2,2,0.535642818
E2348C_RS20930,GO:0009058,2,2,0.376366968
E2348C_RS20930,GO:0009059,4,4,0.376366968
E2348C_RS20930,GO:0009889,4,4,0.376366968
E2348C_RS20930,GO:0010468,5,5,0.375949516
E2348C_RS20930,GO:0010556,5,5,0.376366968
E2348C_RS20930,GO:0016070,6,5,0.4157076780000001
E2348C_RS20930,GO:0018130,4,4,0.369852558
E2348C_RS20930,GO:0019219,5,5,0.4157076780000001
E2348C_RS20930,GO:0019222,3,3,0.5452516879999999
E2348C_RS20930,GO:0019438,4,4,0.369852558
E2348C_RS20930,GO:0031323,4,4,0.510710364
E2348C_RS20930,GO:0031326,5,5,0.367906788
E2348C_RS20930,GO:0032774,7,5,0.369852558
E2348C_RS20930,GO:0034641,3,3,0.4157076780000001
E2348C_RS20930,GO:0034654,5,4,0.369852558
E2348C_RS20930,GO:0043170,3,3,0.5247702679999999
E2348C_RS20930,GO:0044237,2,2,0.512227614
E2348C_RS20930,GO:0044238,2,2,0.5452516879999999
E2348C_RS20930,GO:0044249,3,3,0.369852558
E2348C_RS20930,GO:0044271,4,4,0.369852558
E2348C_RS20930,GO:0046483,3,3,0.4157076780000001
E2348C_RS20930,GO:0050789,2,2,0.5452516879999999
E2348C_RS20930,GO:0050794,3,3,0.510710364
E2348C_RS20930,GO:0051171,4,4,0.535642818
E2348C_RS20930,GO:0051252,6,5,0.4157076780000001
E2348C_RS20930,GO:0060255,4,4,0.5247702679999999
E2348C_RS20930,GO:0071704,2,2,0.600905392
E2348C_RS20930,GO:0080090,4,4,0.5452516879999999
E2348C_RS20930,GO:0090304,5,4,0.4157076780000001
E2348C_RS20930,GO:1901360,3,3,0.4157076780000001
E2348C_RS20930,GO:1901362,4,4,0.369852558
E2348C_RS20930,GO:1901576,3,3,0.376366968
E2348C_RS20930,GO:2001141,7,6,0.367906788
E2348C_RS20940,GO:0006807,2,2,0.44203493
E2348C_RS20940,GO:0044237,2,2,0.497690166
E2348C_RS20940,GO:0044238,2,2,0.4955630239999999
E2348C_RS20940,GO:0071704,2,2,0.600306288
E2348C_RS20945,GO:0006807,2,2,0.44077141
E2348C_RS20945,GO:0006810,3,3,0.3896389079999999
E2348C_RS20945,GO:0044237,2,2,0.498162162
E2348C_RS20945,GO:0044238,2,2,0.495408744
E2348C_RS20945,GO:0051234,2,2,0.394630512
E2348C_RS20945,GO:0071704,2,2,0.601262438
E2348C_RS20950,GO:0006412,7,4,0.5682459480000001
E2348C_RS20950,GO:0006518,4,4,0.66876122
E2348C_RS20950,GO:0006807,2,2,0.70822763
E2348C_RS20950,GO:0009058,2,2,0.6925004920000001
E2348C_RS20950,GO:0009059,4,4,0.5682459480000001
E2348C_RS20950,GO:0019538,4,3,0.5682459480000001
E2348C_RS20950,GO:0034641,3,3,0.6925004920000001
E2348C_RS20950,GO:0043043,6,5,0.66693548
E2348C_RS20950,GO:0043170,3,3,0.5682459480000001
E2348C_RS20950,GO:0043603,3,3,0.70822763
E2348C_RS20950,GO:0043604,5,4,0.6925004920000001
E2348C_RS20950,GO:0044237,2,2,0.6925004920000001
E2348C_RS20950,GO:0044238,2,2,0.5682459480000001
E2348C_RS20950,GO:0044249,3,3,0.6925004920000001
E2348C_RS20950,GO:0044271,4,4,0.6925004920000001
E2348C_RS20950,GO:0071704,2,2,0.66876122
E2348C_RS20950,GO:1901564,3,3,0.66876122
E2348C_RS20950,GO:1901566,4,4,0.66693548
E2348C_RS20950,GO:1901576,3,3,0.66693548
E2348C_RS21135,GO:0006807,2,2,0.4325773600000001
E2348C_RS21135,GO:0044237,2,2,0.497919388
E2348C_RS21135,GO:0044238,2,2,0.49215345
E2348C_RS21135,GO:0071704,2,2,0.6066987860000002
E2348C_RS21155,GO:0006807,2,2,0.437206426
E2348C_RS21155,GO:0044237,2,2,0.49746685
E2348C_RS21155,GO:0044238,2,2,0.492040154
E2348C_RS21155,GO:0071704,2,2,0.60072792
E2348C_RS21265,GO:0006807,2,2,0.4285861299999999
E2348C_RS21265,GO:0044237,2,2,0.498269928
E2348C_RS21265,GO:0044238,2,2,0.492577646
E2348C_RS21265,GO:0071704,2,2,0.6118745459999999
E2348C_RS22035,GO:0006807,2,2,0.437352952
E2348C_RS22035,GO:0044237,2,2,0.497892566
E2348C_RS22035,GO:0044238,2,2,0.491732398
E2348C_RS22035,GO:0071704,2,2,0.6027385140000001
E2348C_RS22040,GO:0006807,2,2,0.4397388579999999
E2348C_RS22040,GO:0044237,2,2,0.497199518
E2348C_RS22040,GO:0044238,2,2,0.4915981699999999
E2348C_RS22040,GO:0071704,2,2,0.600113172
E2348C_RS22075,GO:0006807,2,2,0.43970648
E2348C_RS22075,GO:0044237,2,2,0.497470716
E2348C_RS22075,GO:0044238,2,2,0.49167613
E2348C_RS22075,GO:0071704,2,2,0.5989316600000001
E2348C_RS22095,GO:0006807,2,2,0.440176464
E2348C_RS22095,GO:0006810,3,3,0.345529414
E2348C_RS22095,GO:0044237,2,2,0.497677096
E2348C_RS22095,GO:0044238,2,2,0.492188734
E2348C_RS22095,GO:0051234,2,2,0.345529414
E2348C_RS22095,GO:0071704,2,2,0.597693748
E2348C_RS22100,GO:0006807,2,2,0.441203564
E2348C_RS22100,GO:0044237,2,2,0.497236184
E2348C_RS22100,GO:0044238,2,2,0.4919326039999999
E2348C_RS22100,GO:0071704,2,2,0.596542052
E2348C_RS22185,GO:0006793,3,3,0.902851264
E2348C_RS22185,GO:0006796,4,4,0.7565680300000001
E2348C_RS22185,GO:0006807,2,2,0.443761984
E2348C_RS22185,GO:0009058,2,2,0.902851264
E2348C_RS22185,GO:0019637,4,3,0.902851264
E2348C_RS22185,GO:0044237,2,2,0.902851264
E2348C_RS22185,GO:0044238,2,2,0.491688028
E2348C_RS22185,GO:0071704,2,2,0.902851264
E2348C_RS22185,GO:0090407,5,4,0.902851264
E2348C_RS22185,GO:1901576,3,3,0.902851264
E2348C_RS22225,GO:0006807,2,2,0.4405619719999999
E2348C_RS22225,GO:0044237,2,2,0.497438724
E2348C_RS22225,GO:0044238,2,2,0.49178175
E2348C_RS22225,GO:0071704,2,2,0.599438564
E2348C_RS22565,GO:0006807,2,2,0.4399265
E2348C_RS22565,GO:0044237,2,2,0.4978884779999999
E2348C_RS22565,GO:0044238,2,2,0.494008416
E2348C_RS22565,GO:0071704,2,2,0.6031932839999999
E2348C_RS22815,GO:0006807,2,2,0.44288146
E2348C_RS22815,GO:0019538,4,3,0.3611380919999999
E2348C_RS22815,GO:0043170,3,3,0.3611380919999999
E2348C_RS22815,GO:0043412,4,4,0.3611380919999999
E2348C_RS22815,GO:0044237,2,2,0.49662618
E2348C_RS22815,GO:0044238,2,2,0.4913494939999999
E2348C_RS22815,GO:0071704,2,2,0.595516924
E2348C_RS22815,GO:1901564,3,3,0.3611380919999999
E2348C_RS23560,GO:0006807,2,2,0.442849524
E2348C_RS23560,GO:0044237,2,2,0.4972051119999999
E2348C_RS23560,GO:0044238,2,2,0.49299682
E2348C_RS23560,GO:0071704,2,2,0.601012128
E2348C_RS23570,GO:0006807,2,2,0.440993744
E2348C_RS23570,GO:0006810,3,3,0.5348124240000001
E2348C_RS23570,GO:0006811,4,4,0.391863178
E2348C_RS23570,GO:0044237,2,2,0.4966497559999999
E2348C_RS23570,GO:0044238,2,2,0.490587126
E2348C_RS23570,GO:0051234,2,2,0.5348124240000001
E2348C_RS23570,GO:0055085,4,2,0.391863178
E2348C_RS23570,GO:0071704,2,2,0.59849016
E2348C_RS23685,GO:0006807,2,2,0.440662876
E2348C_RS23685,GO:0006810,3,3,0.396504416
E2348C_RS23685,GO:0044237,2,2,0.4970907719999999
E2348C_RS23685,GO:0044238,2,2,0.490199896
E2348C_RS23685,GO:0051234,2,2,0.403472336
E2348C_RS23685,GO:0071702,4,4,0.3857766019999999
E2348C_RS23685,GO:0071704,2,2,0.599466912
E2348C_RS23970,GO:0006807,2,2,0.443527236
E2348C_RS23970,GO:0009058,2,2,0.363951038
E2348C_RS23970,GO:0034641,3,3,0.363951038
E2348C_RS23970,GO:0043603,3,3,0.414913254
E2348C_RS23970,GO:0043604,5,4,0.363951038
E2348C_RS23970,GO:0044237,2,2,0.49660121
E2348C_RS23970,GO:0044238,2,2,0.4930203139999999
E2348C_RS23970,GO:0044249,3,3,0.363951038
E2348C_RS23970,GO:0044271,4,4,0.363951038
E2348C_RS23970,GO:0071704,2,2,0.599308162
E2348C_RS24285,GO:0006807,2,2,0.4429282439999999
E2348C_RS24285,GO:0044237,2,2,0.495604126
E2348C_RS24285,GO:0044238,2,2,0.4898078039999999
E2348C_RS24285,GO:0071704,2,2,0.594510648
E2348C_RS24730,GO:0006807,2,2,0.441546324
E2348C_RS24730,GO:0044237,2,2,0.4975068559999999
E2348C_RS24730,GO:0044238,2,2,0.492040616
E2348C_RS24730,GO:0071704,2,2,0.60558879
E2348C_RS24735,GO:0006807,2,2,0.4395141299999999
E2348C_RS24735,GO:0044237,2,2,0.4979277119999999
E2348C_RS24735,GO:0044238,2,2,0.491582298
E2348C_RS24735,GO:0071704,2,2,0.607628444
E2348C_RS24740,GO:0006807,2,2,0.446540006
E2348C_RS24740,GO:0044237,2,2,0.497309656
E2348C_RS24740,GO:0044238,2,2,0.4925160059999999
E2348C_RS24740,GO:0071704,2,2,0.598685308
E2348C_RS24755,GO:0006807,2,2,0.44411803
E2348C_RS24755,GO:0044237,2,2,0.497540266
E2348C_RS24755,GO:0044238,2,2,0.492644344
E2348C_RS24755,GO:0071704,2,2,0.59904438
E2348C_RS24760,GO:0006412,7,4,0.984794064
E2348C_RS24760,GO:0006518,4,4,0.9883525279999998
E2348C_RS24760,GO:0006807,2,2,0.988376188
E2348C_RS24760,GO:0009058,2,2,0.988376188
E2348C_RS24760,GO:0009059,4,4,0.984794064
E2348C_RS24760,GO:0019538,4,3,0.984794064
E2348C_RS24760,GO:0034641,3,3,0.988376188
E2348C_RS24760,GO:0043043,6,5,0.9883525279999998
E2348C_RS24760,GO:0043170,3,3,0.984794064
E2348C_RS24760,GO:0043603,3,3,0.988376188
E2348C_RS24760,GO:0043604,5,4,0.988376188
E2348C_RS24760,GO:0044237,2,2,0.988376188
E2348C_RS24760,GO:0044238,2,2,0.984794064
E2348C_RS24760,GO:0044249,3,3,0.988376188
E2348C_RS24760,GO:0044271,4,4,0.988376188
E2348C_RS24760,GO:0071704,2,2,0.9883525279999998
E2348C_RS24760,GO:1901564,3,3,0.9883525279999998
E2348C_RS24760,GO:1901566,4,4,0.9883525279999998
E2348C_RS24760,GO:1901576,3,3,0.9883525279999998
E2348C_RS24765,GO:0006807,2,2,0.443557312
E2348C_RS24765,GO:0044237,2,2,0.496883018
E2348C_RS24765,GO:0044238,2,2,0.49259259
E2348C_RS24765,GO:0071704,2,2,0.60111484
E2348C_RS24775,GO:0006807,2,2,0.436934836
E2348C_RS24775,GO:0044237,2,2,0.497740188
E2348C_RS24775,GO:0044238,2,2,0.492748502
E2348C_RS24775,GO:0071704,2,2,0.61303558
E2348C_RS24790,GO:0006807,2,2,0.444679718
E2348C_RS24790,GO:0044237,2,2,0.496417754
E2348C_RS24790,GO:0044238,2,2,0.4894447859999999
E2348C_RS24790,GO:0071704,2,2,0.59554922
E2348C_RS24815,GO:0006807,2,2,0.443662604
E2348C_RS24815,GO:0044237,2,2,0.496611286
E2348C_RS24815,GO:0044238,2,2,0.492575214
E2348C_RS24815,GO:0071704,2,2,0.5995280780000001
E2348C_RS24820,GO:0006139,4,3,0.994001392
E2348C_RS24820,GO:0006259,6,4,0.994001392
E2348C_RS24820,GO:0006281,7,5,0.97513428
E2348C_RS24820,GO:0006725,3,3,0.994001392
E2348C_RS24820,GO:0006807,2,2,0.994001392
E2348C_RS24820,GO:0006950,2,2,0.9752774
E2348C_RS24820,GO:0006974,4,4,0.97513428
E2348C_RS24820,GO:0007154,2,2,0.6290510420000001
E2348C_RS24820,GO:0009432,5,4,0.55321939
E2348C_RS24820,GO:0009605,2,2,0.651697462
E2348C_RS24820,GO:0009991,3,3,0.6373860820000001
E2348C_RS24820,GO:0019219,5,5,0.64293742
E2348C_RS24820,GO:0019222,3,3,0.64293742
E2348C_RS24820,GO:0031323,4,4,0.64293742
E2348C_RS24820,GO:0031668,4,3,0.6290510420000001
E2348C_RS24820,GO:0033554,3,3,0.97513428
E2348C_RS24820,GO:0034641,3,3,0.994001392
E2348C_RS24820,GO:0043170,3,3,0.994001392
E2348C_RS24820,GO:0044237,2,2,0.994001392
E2348C_RS24820,GO:0044238,2,2,0.994001392
E2348C_RS24820,GO:0046483,3,3,0.994001392
E2348C_RS24820,GO:0050789,2,2,0.64293742
E2348C_RS24820,GO:0050794,3,3,0.64293742
E2348C_RS24820,GO:0051171,4,4,0.64293742
E2348C_RS24820,GO:0051716,2,2,0.97513428
E2348C_RS24820,GO:0060255,4,4,0.416146182
E2348C_RS24820,GO:0071496,3,3,0.6290510420000001
E2348C_RS24820,GO:0071704,2,2,0.994001392
E2348C_RS24820,GO:0080090,4,4,0.64293742
E2348C_RS24820,GO:0090304,5,4,0.994001392
E2348C_RS24820,GO:1901360,3,3,0.994001392
E2348C_RS24825,GO:0006139,4,3,0.395734184
E2348C_RS24825,GO:0006355,9,6,0.388820908
E2348C_RS24825,GO:0006725,3,3,0.395734184
E2348C_RS24825,GO:0006807,2,2,0.44274988
E2348C_RS24825,GO:0009058,2,2,0.44146395
E2348C_RS24825,GO:0009059,4,4,0.44146395
E2348C_RS24825,GO:0009889,4,4,0.44146395
E2348C_RS24825,GO:0010468,5,5,0.461590406
E2348C_RS24825,GO:0010556,5,5,0.44146395
E2348C_RS24825,GO:0016070,6,5,0.395734184
E2348C_RS24825,GO:0018130,4,4,0.395734184
E2348C_RS24825,GO:0019219,5,5,0.395734184
E2348C_RS24825,GO:0019222,3,3,0.462829526
E2348C_RS24825,GO:0019438,4,4,0.395734184
E2348C_RS24825,GO:0031323,4,4,0.3961587199999999
E2348C_RS24825,GO:0031326,5,5,0.3961587199999999
E2348C_RS24825,GO:0032774,7,5,0.395734184
E2348C_RS24825,GO:0034641,3,3,0.395734184
E2348C_RS24825,GO:0034654,5,4,0.395734184
E2348C_RS24825,GO:0043170,3,3,0.462829526
E2348C_RS24825,GO:0044237,2,2,0.497089724
E2348C_RS24825,GO:0044238,2,2,0.491771488
E2348C_RS24825,GO:0044249,3,3,0.3961587199999999
E2348C_RS24825,GO:0044271,4,4,0.395734184
E2348C_RS24825,GO:0046483,3,3,0.395734184
E2348C_RS24825,GO:0050789,2,2,0.462829526
E2348C_RS24825,GO:0050794,3,3,0.3961587199999999
E2348C_RS24825,GO:0051171,4,4,0.40342956
E2348C_RS24825,GO:0051252,6,5,0.395734184
E2348C_RS24825,GO:0060255,4,4,0.462829526
E2348C_RS24825,GO:0071704,2,2,0.6010473939999998
E2348C_RS24825,GO:0080090,4,4,0.399948864
E2348C_RS24825,GO:0090304,5,4,0.395734184
E2348C_RS24825,GO:1901360,3,3,0.395734184
E2348C_RS24825,GO:1901362,4,4,0.395734184
E2348C_RS24825,GO:1901576,3,3,0.44146395
E2348C_RS24825,GO:2001141,7,6,0.395734184
E2348C_RS24990,GO:0006807,2,2,0.443054728
E2348C_RS24990,GO:0044237,2,2,0.495992404
E2348C_RS24990,GO:0044238,2,2,0.489814886
E2348C_RS24990,GO:0071704,2,2,0.596479448
E2348C_RS25035,GO:0006139,4,3,0.647535918
E2348C_RS25035,GO:0006259,6,4,0.647535918
E2348C_RS25035,GO:0006725,3,3,0.647535918
E2348C_RS25035,GO:0006807,2,2,0.647535918
E2348C_RS25035,GO:0034641,3,3,0.647535918
E2348C_RS25035,GO:0043170,3,3,0.647535918
E2348C_RS25035,GO:0044237,2,2,0.647535918
E2348C_RS25035,GO:0044238,2,2,0.647535918
E2348C_RS25035,GO:0046483,3,3,0.647535918
E2348C_RS25035,GO:0071704,2,2,0.647535918
E2348C_RS25035,GO:0090304,5,4,0.647535918
E2348C_RS25035,GO:1901360,3,3,0.647535918
